,created_at,id,author_id,text
0,2021-12-10T07:20:45.000Z,1469205428227784711,44196397,@Albi_SideArms maybe i will ‚Ä¶
1,2021-12-10T07:19:05.000Z,1469205011687223298,44196397,@jack https://t.co/ueyR6NAwap
2,2021-12-10T06:44:19.000Z,1469196261953884160,44196397,@SawyerMerritt ü§£ü§£
3,2021-12-10T04:42:00.000Z,1469165476911755264,44196397,@SawyerMerritt Tesla China has done amazing work
4,2021-12-10T04:21:25.000Z,1469160298158383109,44196397,@MrBeast üôè
5,2021-12-10T04:20:58.000Z,1469160186233376774,44196397,@planet4589 Earth should be called Water
6,2021-12-10T04:02:41.000Z,1469155585119690763,44196397,@samifouad ü§£
7,2021-12-10T03:59:06.000Z,1469154683113676802,44196397,@tobyliiiiiiiiii noobtoob
8,2021-12-10T03:56:22.000Z,1469153995428085762,44196397,thinking of quitting my jobs &amp; becoming an influencer full-time wdyt
9,2021-12-10T02:51:25.000Z,1469137649269153799,44196397,https://t.co/ZrZ1EfLYWy
10,2021-12-09T20:43:05.000Z,1469044956736237568,44196397,@teslaownersSV üî•üî•
11,2021-12-09T20:19:29.000Z,1469039017790525442,44196397,@BillyM2k @TheCryptoCPA üò¨
12,2021-12-09T18:11:56.000Z,1469006918240854025,44196397,@BallAerospace @NASA_Marshall @NASA @SpaceX Congrats!
13,2021-12-09T18:11:43.000Z,1469006861588434959,44196397,@_rykllan @SpaceX @FelixSchlang @MarcusHouse @Erdayastronaut @bluemoondance74 @NextHorizonsSF Rocket fleets grows
14,2021-12-09T18:09:31.000Z,1469006308997226502,44196397,@SquawkCNBC @GordonJohnson19 ü§£ü§£
15,2021-12-09T18:00:34.000Z,1469004057004105730,44196397,@Rainmaker1973 Amazing engine!
16,2021-12-09T17:39:45.000Z,1468998819283148819,44196397,@cnunezimages @SpaceX @SpaceIntellige3 üíØ
17,2021-12-09T13:38:30.000Z,1468938104446894092,44196397,@Rainmaker1973 Shanghai is beautiful
18,2021-12-09T07:09:45.000Z,1468840273849589762,44196397,@PPathole Probably way sooner before it‚Äôs too hot for civilization
19,2021-12-08T21:11:08.000Z,1468689628161052674,44196397,"Unless susceptible to extreme natural disasters, nuclear power plants should not be shut down"
20,2021-12-08T21:04:14.000Z,1468687890376970257,44196397,"@WatcherGuru Taxing all billionaires at 100% only drops national debt by ~10%, which is just one year of deficit spending"
21,2021-12-08T21:02:40.000Z,1468687495084847115,44196397,"@WatcherGuru This is scary, something‚Äôs got to give"
22,2021-12-08T20:56:14.000Z,1468685877970935809,44196397,Nothing is more permanent than a ‚Äútemporary‚Äù government program
23,2021-12-08T20:53:21.000Z,1468685150942908424,44196397,@traderjourney Exactly!
24,2021-12-08T20:52:56.000Z,1468685044239814666,44196397,There is a lot of accounting trickery in this bill that isn‚Äôt being disclosed to the public
25,2021-12-08T20:51:04.000Z,1468684576407101440,44196397,"If ‚Äútemporary‚Äù provisions in the Build Back Better Act become permanent, US national debt will increase by 24%! https://t.co/kKdpc45JoB"
26,2021-12-08T19:19:15.000Z,1468661470619738115,44196397,@engineers_feed Judith Cohen (Jack Black‚Äôs mother) also did important work on Apollo https://t.co/JbOrEZ8LlW
27,2021-12-08T17:29:13.000Z,1468633777593331713,44196397,@28delayslater https://t.co/jvSALWJFCj
28,2021-12-08T17:28:03.000Z,1468633486097539078,44196397,@28delayslater https://t.co/Ej9SWAbcfM
29,2021-12-08T17:26:46.000Z,1468633161768878080,44196397,@28delayslater https://t.co/mO4bI8MNqT
30,2021-12-08T17:24:31.000Z,1468632596213125123,44196397,@28delayslater üßê
31,2021-12-08T17:21:49.000Z,1468631917138522115,44196397,https://t.co/FJaW6L5ba0
32,2021-12-08T17:04:36.000Z,1468627585580126208,44196397,@waitbutwhy Brain transplants
33,2021-12-08T05:01:43.000Z,1468445663704793090,44196397,@jessica_kirsh @SpaceX Booster production is currently ahead of engine production
34,2021-12-08T05:00:06.000Z,1468445256576290818,44196397,@tesla_raj Lot of people don‚Äôt realize that you can watch almost any show in a Tesla
35,2021-12-07T21:53:00.000Z,1468337774407340043,44196397,"@WorldAndScience If you leave hydrogen out in the sun long enough, it starts talking to itself"
36,2021-12-07T21:46:51.000Z,1468336225689948164,44196397,@Rainmaker1973 Wow
37,2021-12-07T21:41:10.000Z,1468334797508521984,44196397,"@tobyliiiiiiiiii @RGVaerialphotos @SpaceX Hopefully, this month, no later than next"
38,2021-12-07T21:39:16.000Z,1468334317839568903,44196397,@RGVaerialphotos @SpaceX Progress
39,2021-12-07T16:34:00.000Z,1468257494229086213,44196397,@joshdcaplan It‚Äôs true
40,2021-12-07T14:15:59.000Z,1468222764343603211,44196397,@BillyM2k ü§£
41,2021-12-07T07:56:47.000Z,1468127332733014024,44196397,@WholeMarsBlog ü§£
42,2021-12-07T04:10:33.000Z,1468070398369701890,44196397,"@teslafsdbeta Replacing faulty/missing neurons with circuits is the right way to think about it. Many problems can be solved just bridging signals between existing neurons.

Progress will accelerate when we have devices in humans (hard to have nuanced conversations with monkeys) next year."
43,2021-12-07T03:57:42.000Z,1468067165039439873,44196397,"@newsmax There are already minimum age requirements for the House, Senate &amp; Presidency. Reciprocally, there should be maximum age limits too."
44,2021-12-07T03:11:40.000Z,1468055581277708295,44196397,"@stocktalkweekly @neuralink I am definitely not saying that we can for sure do this, but I am increasingly confident that it is possible"
45,2021-12-07T01:41:40.000Z,1468032930761035777,44196397,@ICannot_Enough @kimpaquette Exactly
46,2021-12-07T01:33:35.000Z,1468030897979113473,44196397,@UniverCurious That always blows my mind. Sad thing is that we haven‚Äôt been back to the moon in half a century.
47,2021-12-07T01:30:30.000Z,1468030121399492616,44196397,@teslaownersSV Did it myself ü§£
48,2021-12-06T21:35:48.000Z,1467971059920130051,44196397,@Beniko26020660 10.6.1 coming in a few days to address a few annoying issues
49,2021-12-06T21:16:00.000Z,1467966076503965706,44196397,@Rainmaker1973 Looking forward to visiting. I‚Äôve heard it‚Äôs awesome.
50,2021-12-06T21:14:36.000Z,1467965723876208640,44196397,"A background in ‚ÄúAI‚Äù is not needed, just exceptional skill in software or computer design"
51,2021-12-06T21:10:51.000Z,1467964781340540935,44196397,@NASA @NASA_Astronauts Congratulations!
52,2021-12-06T20:44:50.000Z,1467958233482604546,44196397,@DrSallyL @Tesla Coming soon. Lot of cool stuff.
53,2021-12-06T20:25:43.000Z,1467953422116831242,44196397,"@kimpaquette Tesla publishes accident statistics quarterly. They are so much better than other vehicles, it is ridiculous. https://t.co/q44lsk1BnK"
54,2021-12-06T05:42:48.000Z,1467731226609999872,44196397,"As always, Tesla is looking for hardcore AI engineers who care about solving problems that directly affect people‚Äôs lives in a major way.
https://t.co/0B5toOOHcj"
55,2021-12-06T01:44:54.000Z,1467671360285589509,44196397,@AEIecon @SciGuySpace @JimPethokoukis @PE_Podcast_AEI Good summary
56,2021-12-05T19:14:07.000Z,1467573012765593602,44196397,@EPavlic He is quite a bossy dog :)
57,2021-12-05T03:35:29.000Z,1467336798019928066,44196397,@BillyM2k NFTs are jpeging the dollar
58,2021-12-05T03:33:22.000Z,1467336265997586432,44196397,@BillyM2k ü§£
59,2021-12-04T20:12:16.000Z,1467225261179559938,44196397,@ErcXspace Landing on tower arms
60,2021-12-04T15:37:34.000Z,1467156129386049538,44196397,@muratpak My car is currently orbiting Mars
61,2021-12-04T15:36:37.000Z,1467155889601798144,44196397,@muratpak You betcha
62,2021-12-04T15:09:32.000Z,1467149074705096713,44196397,Starships to ‚ô•Ô∏è Mars ‚ô•Ô∏è
63,2021-12-04T15:08:15.000Z,1467148751248801800,44196397,We will soon make these real https://t.co/t4z5oNFnwW
64,2021-12-04T01:29:15.000Z,1466942645545099272,44196397,https://t.co/sIGZPDyx76
65,2021-12-04T01:01:30.000Z,1466935662087749636,44196397,@ID_AA_Carmack Haha pretty much
66,2021-12-04T00:08:47.000Z,1466922392543010823,44196397,@Kristennetten @MinimalDuck @LudaLisl @28delayslater @JohnnaCrider1 @arctechinc @adamhoov @SawyerMerritt @garyblack00 @JaneidyEve @RenataKonkoly Exactly
67,2021-12-03T23:35:30.000Z,1466914018615078912,44196397,@joroulette It is an honor to serve NASA and the countries of the International Space Station
68,2021-12-03T19:28:57.000Z,1466851970443010056,44196397,"@NASASpaceflight 39A is hallowed spaceflight ground ‚Äì no place more deserving of a Starship launch pad!

Will have similar, but improved, ground systems &amp; tower to Starbase."
69,2021-12-03T19:22:34.000Z,1466850364012044288,44196397,@EvaFoxU @SawyerMerritt Huge cranes are cool haha
70,2021-12-03T19:20:15.000Z,1466849780253003782,44196397,@PPathole @ErcXspace @SpaceX This will look so awesome!
71,2021-12-03T19:18:44.000Z,1466849402534907910,44196397,@EvaFoxU @SawyerMerritt I love Norway! üá≥üá¥ ‚ô•Ô∏èüá≥üá¥
